label_cond,context_cond,randomized,nlg_type,context_encoder_type,run_id,Bleu_1,Bleu_2,Bleu_3,Bleu_4,CIDEr,METEOR,ROUGE_L
description,context,none,densenet-lstm,roberta,20230319_111152_statista-small_concadia,0.06862745098038212,0.02401640734033649,0.006435558985062994,0.002548257193189474,0.006561361535537837,0.04928362514561808,0.07638801889576168
description,context,none,densenet-lstm,roberta,20230319_111152_statista-small_hci,0.06837500016326369,0.022994426543928765,0.005025791389850668,0.0013650036739125389,0.0038420616265940908,0.03043088057392811,0.09410854274007904
description,context,none,densenet-lstm,roberta,20230319_111152_statista-small_pew,0.051060974755846665,0.017965873487517384,0.0064891329743908665,0.0025908809255683145,0.004446044357479215,0.042479097416535355,0.100670806768097
description,none,none,densenet-lstm,none,20230316_081135_concadia_hci,0.00013860269555947052,4.175472387982965e-05,1.2118759690581025e-05,7.946841910594528e-10,0.0016494523599468972,0.011100062726368421,0.05247727288387625
description,none,none,densenet-lstm,none,20230317_022624_statista_pew,0.053484738458309665,0.016002648779300736,0.00490844519522005,0.0017829369441645798,0.0017168519858714558,0.03747246893379223,0.09117949505327078
description,none,none,densenet-lstm,none,20230317_022624_statista_concadia,0.02063983488129965,1.4739790358174215e-10,2.8576627741932575e-13,1.2647640817694337e-14,0.0007766332284488432,0.011911824105534326,0.01992118040967041
description,none,none,densenet-lstm,none,20230317_022624_statista_hci,0.02105445998059186,3.0071783810601816e-10,7.345514040451441e-13,3.649155794284632e-14,0.0002418145014740885,0.01759266797262486,0.016268059172551613
