label_cond,context_cond,randomized,nlg_type,context_encoder_type,run_id,Bleu_1,Bleu_2,Bleu_3,Bleu_4,CIDEr,METEOR,ROUGE_L
description,none,none,densenet-lstm,none,20230305_012444,0.13415924110166552,0.06898762098613048,0.04112871755832033,0.02585229740194333,0.02560579104438936,0.07038245775850996,0.17442621298823732
