label_cond,context_cond,randomized,nlg_type,context_encoder_type,run_id,Bleu_1,Bleu_2,Bleu_3,Bleu_4,CIDEr,METEOR,ROUGE_L
description,context,none,densenet-lstm,roberta,20230319_111152_statista-small_pew,0.051060974755846665,0.017965873487517384,0.0064891329743908665,0.0025908809255683145,0.004446044357479215,0.042479097416535355,0.100670806768097
description,none,none,densenet-lstm,none,20230317_022624_statista_pew,0.053484738458309665,0.016002648779300736,0.00490844519522005,0.0017829369441645798,0.0017168519858714558,0.03747246893379223,0.09117949505327078
description,none,none,densenet-lstm,none,20230316_081135,0.00013860269555947052,4.175472387982965e-05,1.2118759690581025e-05,7.946841910594528e-10,0.0016494523599468972,0.011100062726368421,0.05247727288387625
description,none,none,densenet-lstm,none,20230316_081135_concadia_hci,0.00013860269555947052,4.175472387982965e-05,1.2118759690581025e-05,7.946841910594528e-10,0.0016494523599468972,0.011100062726368421,0.05247727288387625
